-- phpMyAdmin SQL Dump
-- version 5.2.1
-- https://www.phpmyadmin.net/
--
-- Host: 127.0.0.1
-- Generation Time: Oct 30, 2023 at 06:21 PM
-- Server version: 10.4.28-MariaDB
-- PHP Version: 8.2.4

SET SQL_MODE = "NO_AUTO_VALUE_ON_ZERO";
START TRANSACTION;
SET time_zone = "+00:00";


/*!40101 SET @OLD_CHARACTER_SET_CLIENT=@@CHARACTER_SET_CLIENT */;
/*!40101 SET @OLD_CHARACTER_SET_RESULTS=@@CHARACTER_SET_RESULTS */;
/*!40101 SET @OLD_COLLATION_CONNECTION=@@COLLATION_CONNECTION */;
/*!40101 SET NAMES utf8mb4 */;

--
-- Database: `sourcecodester_exam`
--

-- --------------------------------------------------------

--
-- Table structure for table `admin`
--

CREATE TABLE `admin` (
  `admin_id` int(11) NOT NULL,
  `email` varchar(50) NOT NULL,
  `password` varchar(500) NOT NULL
) ENGINE=InnoDB DEFAULT CHARSET=utf8 COLLATE=utf8_general_ci;

--
-- Dumping data for table `admin`
--

INSERT INTO `admin` (`admin_id`, `email`, `password`) VALUES
(1, 'admin@admin.com', '123');

-- --------------------------------------------------------

--
-- Table structure for table `answer`
--

CREATE TABLE `answer` (
  `qid` text NOT NULL,
  `ansid` text NOT NULL
) ENGINE=InnoDB DEFAULT CHARSET=utf8 COLLATE=utf8_general_ci;

--
-- Dumping data for table `answer`
--

INSERT INTO `answer` (`qid`, `ansid`) VALUES
('652ee0ebc6828', '652ee0ebc759f'),
('652ee0ebcac9c', '652ee0ebcb572'),
('652ee0ebce0b6', '652ee0ebcf371'),
('652ee0ebd1d2e', '652ee0ebd2562'),
('652ee0ebd52b3', '652ee0ebd5d4d'),
('652ee0ebd86e2', '652ee0ebd8e85'),
('652ee0ebdb549', '652ee0ebdbdcf'),
('652ee0ebde2d5', '652ee0ebde975'),
('652ee0ebe094b', '652ee0ebe1024'),
('652ee0ebe332a', '652ee0ebe3b23'),
('652ee687d0ecc', '652ee687d1a7c'),
('652ee687d3cc5', '652ee687d4470'),
('652ee687d70ef', '652ee687d7869'),
('652ee687da444', '652ee687db3ce'),
('652ee687dd5bf', '652ee687dda9f'),
('652ee687dfb21', '652ee687e009c'),
('652ee687e1cdc', '652ee687e22c6'),
('652ee687e40c8', '652ee687e4586'),
('652ee687e67a2', '652ee687e6ea9'),
('652ee687e8b78', '652ee687e90a0'),
('653809549e1d2', '653809549e7e0'),
('65380954a0608', '65380954a0d1c'),
('65380954a2e31', '65380954a344e'),
('65380954a55b8', '65380954a5c26'),
('65380954a8e18', '65380954a9fc2'),
('65380954aca7b', '65380954ad30f'),
('65380954afabb', '65380954b02b8'),
('65380954b2a67', '65380954b301b'),
('65380954b4dd4', '65380954b52dc'),
('6538096b0c979', '6538096b13b03'),
('6538096b16196', '6538096b16a43'),
('6538096b18b68', '6538096b190d6'),
('6538096b1c449', '6538096b1ce8e'),
('6538096b200e8', '6538096b20a19'),
('6538096b23166', '6538096b23cd1'),
('6538096b26007', '6538096b267a8'),
('6538096b28f77', '6538096b29772'),
('6538096b2bfa4', '6538096b2c6c6'),
('65380981a5ff3', '65380981afc0a'),
('65380981b1720', '65380981b1bd7'),
('65380981b3358', '65380981b38eb'),
('65380981b53d9', '65380981b5884'),
('65380981b6dd8', '65380981b7178'),
('65380981b928c', '65380981b9618'),
('65380981bacae', '65380981bb251'),
('65380981bcec4', '65380981bd48e'),
('65380981bf0f3', '65380981bf655'),
('6538098e17af9', '6538098e184e8'),
('6538098e1bc4a', '6538098e1c3d7'),
('6538098e1e956', '6538098e1ef73'),
('6538098e20a84', '6538098e20f73'),
('6538098e22a16', '6538098e22fa5'),
('6538098e24b67', '6538098e250ff'),
('6538098e26e1e', '6538098e27484'),
('6538098e295c7', '6538098e29b36'),
('6538098e2ba73', '6538098e2bf2e'),
('6538098e2dc2c', '6538098e2e2ec'),
('653809b661037', '653809b661792'),
('653809b663bc6', '653809b6643a2'),
('653809b66695a', '653809b6671a9'),
('653809b669cf9', '653809b66a4be'),
('653809b66cbdd', '653809b66d378'),
('653809b66f845', '653809b67014d'),
('653809b671f99', '653809b672604'),
('653809b6742ed', '653809b67490b'),
('653809b677189', '653809b677f79'),
('653809b679675', '653809b679a67'),
('653d3ee01ee62', '653d3ee01f87a'),
('653d3ee0213bc', '653d3ee021b84'),
('653d3ee024202', '653d3ee024a39'),
('653d3ee026fe8', '653d3ee02777a'),
('653d3ee029b9f', '653d3ee02a329'),
('653d3ee02ccc8', '653d3ee02d3c9'),
('653d3ee02f7de', '653d3ee03010b'),
('653d3ee0327c6', '653d3ee032f9d'),
('653d3ee036475', '653d3ee036bf4'),
('653d3ee039898', '653d3ee03a048'),
('653d44cd9921c', '653d44cd99a06'),
('653d44cd9ba5e', '653d44cd9c0b6'),
('653d44cd9d962', '653d44cd9dd82'),
('653d44cd9f529', '653d44cd9f9ee'),
('653d44cda1144', '653d44cda1635'),
('653d44cda3038', '653d44cda3679'),
('653d44cda5d8a', '653d44cda628d'),
('653d44cda8021', '653d44cda85f7'),
('653d44cdaa4bf', '653d44cdaaab4'),
('653d44cdaca64', '653d44cdad2ac'),
('653d44d7189e3', '653d44d71a4ed'),
('653d44d71d6df', '653d44d71e00b'),
('653d44d7205a1', '653d44d720d21'),
('653d44d722ccc', '653d44d723313'),
('653d44d7252da', '653d44d725c0e'),
('653d44d7274bb', '653d44d727abf'),
('653d44d729cd2', '653d44d72a1ef'),
('653d44d72c3fa', '653d44d72cc50'),
('653d44d72edf6', '653d44d72f512'),
('653d44d731559', '653d44d731a19'),
('653d44f83edb4', '653d44f83ff59'),
('653d44f8431be', '653d44f844e10'),
('653d44f847901', '653d44f84816d'),
('653d44f84a824', '653d44f84ad5e'),
('653d44f84c63a', '653d44f84cb8f'),
('653d44f84e60f', '653d44f84eb71'),
('653d44f8505f6', '653d44f850b7d'),
('653d44f8525b4', '653d44f852b27'),
('653d44f854249', '653d44f854730'),
('653d44f856388', '653d44f856971'),
('653d45281929e', '653d452819d13'),
('653d45281d00e', '653d45281d821'),
('653d45281fc45', '653d45282016e'),
('653d452822054', '653d4528226bf'),
('653d452824244', '653d452824dfe'),
('653d45282679c', '653d452826c92'),
('653d452829472', '653d4528299d3'),
('653d45282b855', '653d45282c821'),
('653d45282ea6d', '653d45282f104'),
('653d452830f01', '653d452831512'),
('653d459c0ddeb', '653d459c0e8d6'),
('653d459c10738', '653d459c10df3'),
('653d459c12a05', '653d459c1307a'),
('653d459c151b9', '653d459c15a58'),
('653d459c183a2', '653d459c18b1b'),
('653d459c1adf7', '653d459c1b65c'),
('653d459c1dbc4', '653d459c1e27c'),
('653d459c206de', '653d459c20eb3'),
('653d459c22ebb', '653d459c23e1b'),
('653d459c25a77', '653d459c25e91'),
('653d4ea6d6b4e', '653d4ea6d7804'),
('653d4ea6d9fd4', '653d4ea6da6bd'),
('653d4ea6ddfc8', '653d4ea6de62f'),
('653d4ea6e05c5', '653d4ea6e0c61'),
('653d4ea6e2a47', '653d4ea6e2f26'),
('653d4ea6e48ca', '653d4ea6e4dd5'),
('653d4ea6e679a', '653d4ea6e6dea'),
('653d4ea6e8f54', '653d4ea6e96f0'),
('653d4ea6eb531', '653d4ea6eba42'),
('653d4ea6ee0b2', '653d4ea6ee5be'),
('653d694a002de', '653d694a00df2'),
('653d694a03f4f', '653d694a04726'),
('653d694a07058', '653d694a077bb'),
('653d694a09ab8', '653d694a0a1fd'),
('653d694a0c7a8', '653d694a0cd44'),
('653d694a0f014', '653d694a0f722'),
('653d694a120b4', '653d694a133c3'),
('653d694a16328', '653d694a16e32'),
('653d694a1a9f2', '653d694a1b3b5'),
('653dfdc0387c0', '653dfdc0395a4'),
('653dfdc03c7e1', '653dfdc03d24d'),
('653dfdc0402f7', '653dfdc040d57'),
('653dfdc043c24', '653dfdc0446cc'),
('653dfdc047565', '653dfdc047e7b'),
('653dfdc04aa5f', '653dfdc04b32e'),
('653dfdc04de65', '653dfdc04e510'),
('653dfdc050e53', '653dfdc0514bd'),
('653dfdc053218', '653dfdc053823'),
('653dfdc0560be', '653dfdc0567e8'),
('653e00fc1d0e8', '653e00fc1dd51'),
('653e00fc2040c', '653e00fc20b90'),
('653e00fc23ae4', '653e00fc24157'),
('653e00fc26092', '653e00fc266d3'),
('653e00fc2860a', '653e00fc28cec'),
('653e00fc2b265', '653e00fc2ba8c'),
('653e00fc2e28e', '653e00fc2f0d2'),
('653e00fc31b68', '653e00fc3247f'),
('653e00fc35854', '653e00fc360b2'),
('653e00fc388da', '653e00fc3913f'),
('653e03f66c2c5', '653e03f66cfe8'),
('653e03f670b99', '653e03f671e08'),
('653e03f6744cb', '653e03f674f03'),
('653e03f676a97', '653e03f6770e8'),
('653e03f6792c0', '653e03f679a85'),
('653e03f67b7ad', '653e03f67bc7b'),
('653e03f67d4d3', '653e03f67d9a7'),
('653e03f67f006', '653e03f67f42f'),
('653e03f680b16', '653e03f681038'),
('653e03f683736', '653e03f683c91');

-- --------------------------------------------------------

--
-- Table structure for table `contacts`
--

CREATE TABLE `contacts` (
  `id` int(50) NOT NULL,
  `name` varchar(50) NOT NULL,
  `email` varchar(50) NOT NULL,
  `message` text NOT NULL
) ENGINE=InnoDB DEFAULT CHARSET=utf8mb4 COLLATE=utf8mb4_general_ci;

--
-- Dumping data for table `contacts`
--

INSERT INTO `contacts` (`id`, `name`, `email`, `message`) VALUES
(1, 'Sidhant Ram Ganapure', 'sidhantganapure@gmail.com', 'hi'),
(2, 'Sidhant Ram Ganapure', 'shivrajnalavade17@gmail.com', 'god');

-- --------------------------------------------------------

--
-- Table structure for table `feedback`
--

CREATE TABLE `feedback` (
  `id` int(6) UNSIGNED NOT NULL,
  `name` varchar(20) DEFAULT NULL,
  `email` varchar(30) NOT NULL,
  `feedback` text NOT NULL
) ENGINE=InnoDB DEFAULT CHARSET=utf8mb4 COLLATE=utf8mb4_general_ci;

--
-- Dumping data for table `feedback`
--

INSERT INTO `feedback` (`id`, `name`, `email`, `feedback`) VALUES
(1, 'Sidhant Ram Ganapure', 'sidhantganapure@gmail.com', 'Good Morning '),
(2, 'Sidhant Ram Ganapure', 'shivrajnalavade17@gmail.com', 'hiiiii'),
(3, 'Shivba Bhaskar Banba', 'shivbabanbale123@gmail.com', 'This website is very helpful to conduct any online examination ..');

-- --------------------------------------------------------

--
-- Table structure for table `history`
--

CREATE TABLE `history` (
  `email` varchar(50) NOT NULL,
  `eid` text NOT NULL,
  `score` int(11) NOT NULL,
  `level` int(11) NOT NULL,
  `sahi` int(11) NOT NULL,
  `wrong` int(11) NOT NULL,
  `date` timestamp NOT NULL DEFAULT current_timestamp() ON UPDATE current_timestamp()
) ENGINE=InnoDB DEFAULT CHARSET=utf8 COLLATE=utf8_general_ci;

--
-- Dumping data for table `history`
--

INSERT INTO `history` (`email`, `eid`, `score`, `level`, `sahi`, `wrong`, `date`) VALUES
('ruchirchougale1111@gmail.com', '652ee319b2308', 4, 10, 4, 6, '2023-10-18 06:53:29'),
('sahilchougale0@gmail.com', '652ee319b2308', 7, 10, 7, 3, '2023-10-18 07:07:50');

-- --------------------------------------------------------

--
-- Table structure for table `options`
--

CREATE TABLE `options` (
  `qid` varchar(50) NOT NULL,
  `option` varchar(5000) NOT NULL,
  `optionid` text NOT NULL
) ENGINE=InnoDB DEFAULT CHARSET=utf8 COLLATE=utf8_general_ci;

--
-- Dumping data for table `options`
--

INSERT INTO `options` (`qid`, `option`, `optionid`) VALUES
('652ee0ebc6828', '5', '652ee0ebc7598'),
('652ee0ebc6828', '6', '652ee0ebc759f'),
('652ee0ebc6828', '8', '652ee0ebc75a0'),
('652ee0ebc6828', '11', '652ee0ebc75a1'),
('652ee0ebcac9c', 'int', '652ee0ebcb56e'),
('652ee0ebcac9c', 'char ', '652ee0ebcb572'),
('652ee0ebcac9c', 'string', '652ee0ebcb573'),
('652ee0ebcac9c', 'float', '652ee0ebcb574'),
('652ee0ebce0b6', '%', '652ee0ebcf371'),
('652ee0ebce0b6', '/', '652ee0ebcf376'),
('652ee0ebce0b6', '*', '652ee0ebcf377'),
('652ee0ebce0b6', '&', '652ee0ebcf378'),
('652ee0ebd1d2e', 'var', '652ee0ebd255d'),
('652ee0ebd1d2e', 'final', '652ee0ebd2561'),
('652ee0ebd1d2e', 'const', '652ee0ebd2562'),
('652ee0ebd1d2e', 'define ', '652ee0ebd2563'),
('652ee0ebd52b3', 'malloc', '652ee0ebd5d4d'),
('652ee0ebd52b3', 'calloc', '652ee0ebd5d52'),
('652ee0ebd52b3', 'realloc', '652ee0ebd5d53'),
('652ee0ebd52b3', 'allocate', '652ee0ebd5d54'),
('652ee0ebd86e2', 'global', '652ee0ebd8e81'),
('652ee0ebd86e2', 'file', '652ee0ebd8e84'),
('652ee0ebd86e2', 'local', '652ee0ebd8e85'),
('652ee0ebd86e2', 'universal', '652ee0ebd8e86'),
('652ee0ebdb549', 'for loop', '652ee0ebdbdcf'),
('652ee0ebdb549', 'while loop', '652ee0ebdbdd2'),
('652ee0ebdb549', 'do-while loop', '652ee0ebdbdd3'),
('652ee0ebdb549', 'switch loop', '652ee0ebdbdd4'),
('652ee0ebde2d5', '16', '652ee0ebde96e'),
('652ee0ebde2d5', '11', '652ee0ebde975'),
('652ee0ebde2d5', '13', '652ee0ebde976'),
('652ee0ebde2d5', '10', '652ee0ebde977'),
('652ee0ebe094b', 'const', '652ee0ebe1024'),
('652ee0ebe094b', 'constant', '652ee0ebe1028'),
('652ee0ebe094b', 'define', '652ee0ebe1029'),
('652ee0ebe094b', 'final', '652ee0ebe102a'),
('652ee0ebe332a', 'end', '652ee0ebe3b1f'),
('652ee0ebe332a', 'exit', '652ee0ebe3b22'),
('652ee0ebe332a', 'break', '652ee0ebe3b23'),
('652ee0ebe332a', 'terminate', '652ee0ebe3b24'),
('652ee687d0ecc', 'int* ptr;', '652ee687d1a7c'),
('652ee687d0ecc', 'pointer int*;', '652ee687d1a8d'),
('652ee687d0ecc', 'int ptr;', '652ee687d1a8e'),
('652ee687d0ecc', 'int& ptr;', '652ee687d1a8f'),
('652ee687d3cc5', 'Polymorphism', '652ee687d446b'),
('652ee687d3cc5', 'Encapsulation', '652ee687d446f'),
('652ee687d3cc5', ' Inheritance', '652ee687d4470'),
('652ee687d3cc5', ' Abstraction', '652ee687d4471'),
('652ee687d70ef', ' new', '652ee687d7869'),
('652ee687d70ef', ' malloc', '652ee687d786e'),
('652ee687d70ef', 'create ', '652ee687d786f'),
('652ee687d70ef', 'allocate', '652ee687d7870'),
('652ee687da444', ' class Car { private: int speed; public: void accelerate(); };', '652ee687db3ce'),
('652ee687da444', 'class Car { private int speed; public void accelerate(); };', '652ee687db3d1'),
('652ee687da444', 'class Car { private: int speed; public void accelerate(); };', '652ee687db3d2'),
('652ee687da444', ' class Car { private int speed; public: void accelerate(); };', '652ee687db3d3'),
('652ee687dd5bf', 'iostream.h', '652ee687dda99'),
('652ee687dd5bf', 'fileio.h', '652ee687dda9d'),
('652ee687dd5bf', ' ifstream.h', '652ee687dda9e'),
('652ee687dd5bf', 'fstream', '652ee687dda9f'),
('652ee687dfb21', 'To declare a function as non-modifiable', '652ee687e0095'),
('652ee687dfb21', 'To indicate that a function is static', '652ee687e009b'),
('652ee687dfb21', 'To allow dynamic binding and enable polymorphism', '652ee687e009c'),
('652ee687dfb21', 'To make a function private', '652ee687e009d'),
('652ee687e1cdc', '. (dot)', '652ee687e22c6'),
('652ee687e1cdc', '-> (arrow)', '652ee687e22ca'),
('652ee687e1cdc', ': (colon)', '652ee687e22cb'),
('652ee687e1cdc', ':: (scope resolution)', '652ee687e22cc'),
('652ee687e40c8', 'vector', '652ee687e4582'),
('652ee687e40c8', 'list', '652ee687e4584'),
('652ee687e40c8', 'queue', '652ee687e4585'),
('652ee687e40c8', 'stack', '652ee687e4586'),
('652ee687e67a2', 'inherit', '652ee687e6ea2'),
('652ee687e67a2', 'base', '652ee687e6ea7'),
('652ee687e67a2', 'extend ', '652ee687e6ea8'),
('652ee687e67a2', 'class', '652ee687e6ea9'),
('652ee687e8b78', 'public', '652ee687e909c'),
('652ee687e8b78', ' private', '652ee687e90a0'),
('652ee687e8b78', 'protected', '652ee687e90a1'),
('652ee687e8b78', 'internal', '652ee687e90a2'),
('653809549e1d2', 'To define a function', '653809549e7db'),
('653809549e1d2', 'To loop over a sequence', '653809549e7df'),
('653809549e1d2', 'To make decisions and control the flow of a program', '653809549e7e0'),
('653809549e1d2', ' To perform mathematical operations', '653809549e7e1'),
('65380954a0608', 'int', '65380954a0d17'),
('65380954a0608', 'char', '65380954a0d1c'),
('65380954a0608', 'list', '65380954a0d1d'),
('65380954a0608', 'tuple', '65380954a0d1e'),
('65380954a2e31', 'def myFunction():', '65380954a344e'),
('65380954a2e31', 'function myFunction():', '65380954a3456'),
('65380954a2e31', 'void myFunction():', '65380954a3457'),
('65380954a2e31', ' define myFunction():', '65380954a3458'),
('65380954a55b8', 'It represents the end of a function', '65380954a5c21'),
('65380954a55b8', ' It is used to check for multiple conditions in a sequence', '65380954a5c26'),
('65380954a55b8', 'It defines a new variable', '65380954a5c27'),
('65380954a55b8', 'It is a type of loop', '65380954a5c28'),
('65380954a8e18', 'openfile()', '65380954a9fbb'),
('65380954a8e18', 'readfile()', '65380954a9fbf'),
('65380954a8e18', 'file.open()', '65380954a9fc1'),
('65380954a8e18', 'open()', '65380954a9fc2'),
('65380954aca7b', 'file = open(\"myfile.txt\", \"w\")', '65380954ad30a'),
('65380954aca7b', ' file = open(\"myfile.txt\", \"r\")', '65380954ad30f'),
('65380954aca7b', 'file = open(\"myfile.txt\", \"a\")', '65380954ad310'),
('65380954aca7b', ' file = open(\"myfile.txt\", \"x\")', '65380954ad311'),
('65380954afabb', 'class', '65380954b02b8'),
('65380954afabb', 'def', '65380954b02bd'),
('65380954afabb', 'cassdef', '65380954b02be'),
('65380954afabb', 'define', '65380954b02bf'),
('65380954b2a67', 'Numpy', '65380954b301b'),
('65380954b2a67', 'Pygame', '65380954b3021'),
('65380954b2a67', 'Request', '65380954b3022'),
('65380954b2a67', 'TKinter', '65380954b3023'),
('65380954b4dd4', '16', '65380954b52d7'),
('65380954b4dd4', '11', '65380954b52db'),
('65380954b4dd4', '13', '65380954b52dc'),
('65380954b4dd4', '5 + 3 * 2', '65380954b52dd'),
('65380954b6fc9', 'Hello World', '65380954b7649'),
('65380954b6fc9', '\"Hello\" + \"World\"', '65380954b764f'),
('6538096b0c979', 'To define a function', '6538096b13afa'),
('6538096b0c979', 'To loop over a sequence', '6538096b13b02'),
('6538096b0c979', 'To make decisions and control the flow of a program', '6538096b13b03'),
('6538096b0c979', ' To perform mathematical operations', '6538096b13b04'),
('6538096b16196', 'int', '6538096b16a3e'),
('6538096b16196', 'char', '6538096b16a43'),
('6538096b16196', 'list', '6538096b16a44'),
('6538096b16196', 'tuple', '6538096b16a45'),
('6538096b18b68', 'def myFunction():', '6538096b190d6'),
('6538096b18b68', 'function myFunction():', '6538096b190e3'),
('6538096b18b68', 'void myFunction():', '6538096b190e4'),
('6538096b18b68', ' define myFunction():', '6538096b190e5'),
('6538096b1c449', 'It represents the end of a function', '6538096b1ce89'),
('6538096b1c449', ' It is used to check for multiple conditions in a sequence', '6538096b1ce8e'),
('6538096b1c449', 'It defines a new variable', '6538096b1ce90'),
('6538096b1c449', 'It is a type of loop', '6538096b1ce91'),
('6538096b200e8', 'openfile()', '6538096b20a12'),
('6538096b200e8', 'readfile()', '6538096b20a17'),
('6538096b200e8', 'file.open()', '6538096b20a18'),
('6538096b200e8', 'open()', '6538096b20a19'),
('6538096b23166', 'file = open(\"myfile.txt\", \"w\")', '6538096b23ccc'),
('6538096b23166', ' file = open(\"myfile.txt\", \"r\")', '6538096b23cd1'),
('6538096b23166', 'file = open(\"myfile.txt\", \"a\")', '6538096b23cd2'),
('6538096b23166', ' file = open(\"myfile.txt\", \"x\")', '6538096b23cd3'),
('6538096b26007', 'class', '6538096b267a8'),
('6538096b26007', 'def', '6538096b267ad'),
('6538096b26007', 'cassdef', '6538096b267ae'),
('6538096b26007', 'define', '6538096b267af'),
('6538096b28f77', 'Numpy', '6538096b29772'),
('6538096b28f77', 'Pygame', '6538096b29777'),
('6538096b28f77', 'Request', '6538096b29779'),
('6538096b28f77', 'TKinter', '6538096b2977a'),
('6538096b2bfa4', '16', '6538096b2c6c0'),
('6538096b2bfa4', '11', '6538096b2c6c5'),
('6538096b2bfa4', '13', '6538096b2c6c6'),
('6538096b2bfa4', '5 + 3 * 2', '6538096b2c6c7'),
('6538096b2ecf3', 'Hello World', '6538096b2f2be'),
('6538096b2ecf3', '\"Hello\" + \"World\"', '6538096b2f2c3'),
('65380981a5ff3', 'To define a function', '65380981afc01'),
('65380981a5ff3', 'To loop over a sequence', '65380981afc09'),
('65380981a5ff3', 'To make decisions and control the flow of a program', '65380981afc0a'),
('65380981a5ff3', ' To perform mathematical operations', '65380981afc0b'),
('65380981b1720', 'int', '65380981b1bd1'),
('65380981b1720', 'char', '65380981b1bd7'),
('65380981b1720', 'list', '65380981b1bd8'),
('65380981b1720', 'tuple', '65380981b1bd9'),
('65380981b3358', 'def myFunction():', '65380981b38eb'),
('65380981b3358', 'function myFunction():', '65380981b38f0'),
('65380981b3358', 'void myFunction():', '65380981b38f1'),
('65380981b3358', ' define myFunction():', '65380981b38f2'),
('65380981b53d9', 'It represents the end of a function', '65380981b5880'),
('65380981b53d9', ' It is used to check for multiple conditions in a sequence', '65380981b5884'),
('65380981b53d9', 'It defines a new variable', '65380981b5886'),
('65380981b53d9', 'It is a type of loop', '65380981b5887'),
('65380981b6dd8', 'openfile()', '65380981b7172'),
('65380981b6dd8', 'readfile()', '65380981b7176'),
('65380981b6dd8', 'file.open()', '65380981b7177'),
('65380981b6dd8', 'open()', '65380981b7178'),
('65380981b928c', 'file = open(\"myfile.txt\", \"w\")', '65380981b9615'),
('65380981b928c', ' file = open(\"myfile.txt\", \"r\")', '65380981b9618'),
('65380981b928c', 'file = open(\"myfile.txt\", \"a\")', '65380981b9619'),
('65380981b928c', ' file = open(\"myfile.txt\", \"x\")', '65380981b961a'),
('65380981bacae', 'class', '65380981bb251'),
('65380981bacae', 'def', '65380981bb255'),
('65380981bacae', 'cassdef', '65380981bb256'),
('65380981bacae', 'define', '65380981bb257'),
('65380981bcec4', 'Numpy', '65380981bd48e'),
('65380981bcec4', 'Pygame', '65380981bd491'),
('65380981bcec4', 'Request', '65380981bd492'),
('65380981bcec4', 'TKinter', '65380981bd493'),
('65380981bf0f3', '16', '65380981bf651'),
('65380981bf0f3', '11', '65380981bf654'),
('65380981bf0f3', '13', '65380981bf655'),
('65380981bf0f3', '5 + 3 * 2', '65380981bf656'),
('65380981c076a', 'Hello World', '65380981c0c60'),
('65380981c076a', '\"Hello\" + \"World\"', '65380981c0c63'),
('6538098e17af9', 'final ', '6538098e184e8'),
('6538098e17af9', 'const', '6538098e184ee'),
('6538098e17af9', 'static', '6538098e184ef'),
('6538098e17af9', 'constant', '6538098e184f0'),
('6538098e1bc4a', 'To create a new object instance', '6538098e1c3d1'),
('6538098e1bc4a', 'To make a variable non-modifiable', '6538098e1c3d6'),
('6538098e1bc4a', ' To indicate that a method or variable belongs to the class rather than an instance', '6538098e1c3d7'),
('6538098e1bc4a', 'To define a constant value', '6538098e1c3d8'),
('6538098e1e956', 'float ', '6538098e1ef6d'),
('6538098e1e956', 'char', '6538098e1ef72'),
('6538098e1e956', 'string', '6538098e1ef73'),
('6538098e1e956', 'double', '6538098e1ef74'),
('6538098e20a84', '0', '6538098e20f6e'),
('6538098e20a84', 'null', '6538098e20f73'),
('6538098e20a84', '-1', '6538098e20f74'),
('6538098e20a84', ' It depends on the variable type', '6538098e20f75'),
('6538098e22a16', 'Object ', '6538098e22fa5'),
('6538098e22a16', 'Main', '6538098e22faa'),
('6538098e22a16', 'Super', '6538098e22fab'),
('6538098e22a16', 'Parent', '6538098e22fac'),
('6538098e24b67', 'try', '6538098e250ff'),
('6538098e24b67', 'catch', '6538098e25104'),
('6538098e24b67', 'handle', '6538098e25105'),
('6538098e24b67', 'exception', '6538098e25106'),
('6538098e26e1e', '5', '6538098e27484'),
('6538098e26e1e', '6', '6538098e2748a'),
('6538098e26e1e', '4', '6538098e2748b'),
('6538098e26e1e', 'Compilation error', '6538098e2748c'),
('6538098e295c7', ' A method that is used to create new objects.', '6538098e29b36'),
('6538098e295c7', 'A class that cannot be instantiated.', '6538098e29b3b'),
('6538098e295c7', 'A type of loop', '6538098e29b3c'),
('6538098e295c7', 'An operator for type conversion.', '6538098e29b3d'),
('6538098e2ba73', 'interface MyInterface { }', '6538098e2bf2e'),
('6538098e2ba73', 'class MyInterface { }', '6538098e2bf33'),
('6538098e2ba73', 'interface class MyInterface { }', '6538098e2bf34'),
('6538098e2ba73', 'interface void MyInterface { }', '6538098e2bf35'),
('6538098e2dc2c', 'ArrayList', '6538098e2e2e5'),
('6538098e2dc2c', 'Map', '6538098e2e2eb'),
('6538098e2dc2c', 'Set', '6538098e2e2ec'),
('6538098e2dc2c', 'List', '6538098e2e2ee'),
('653809b661037', 'final ', '653809b661792'),
('653809b661037', 'const', '653809b661797'),
('653809b661037', 'static', '653809b661798'),
('653809b661037', 'constant', '653809b661799'),
('653809b663bc6', 'To create a new object instance', '653809b66439c'),
('653809b663bc6', 'To make a variable non-modifiable', '653809b6643a1'),
('653809b663bc6', ' To indicate that a method or variable belongs to the class rather than an instance', '653809b6643a2'),
('653809b663bc6', 'To define a constant value', '653809b6643a3'),
('653809b66695a', 'float ', '653809b6671a3'),
('653809b66695a', 'char', '653809b6671a8'),
('653809b66695a', 'string', '653809b6671a9'),
('653809b66695a', 'double', '653809b6671aa'),
('653809b669cf9', '0', '653809b66a4ba'),
('653809b669cf9', 'null', '653809b66a4be'),
('653809b669cf9', '-1', '653809b66a4bf'),
('653809b669cf9', ' It depends on the variable type', '653809b66a4c0'),
('653809b66cbdd', 'Object ', '653809b66d378'),
('653809b66cbdd', 'Main', '653809b66d37c'),
('653809b66cbdd', 'Super', '653809b66d37e'),
('653809b66cbdd', 'Parent', '653809b66d37f'),
('653809b66f845', 'try', '653809b67014d'),
('653809b66f845', 'catch', '653809b670152'),
('653809b66f845', 'handle', '653809b670153'),
('653809b66f845', 'exception', '653809b670154'),
('653809b671f99', '5', '653809b672604'),
('653809b671f99', '6', '653809b672608'),
('653809b671f99', '4', '653809b672609'),
('653809b671f99', 'Compilation error', '653809b67260a'),
('653809b6742ed', ' A method that is used to create new objects.', '653809b67490b'),
('653809b6742ed', 'A class that cannot be instantiated.', '653809b674910'),
('653809b6742ed', 'A type of loop', '653809b674911'),
('653809b6742ed', 'An operator for type conversion.', '653809b674912'),
('653809b677189', 'interface MyInterface { }', '653809b677f79'),
('653809b677189', 'class MyInterface { }', '653809b677f7e'),
('653809b677189', 'interface class MyInterface { }', '653809b677f7f'),
('653809b677189', 'interface void MyInterface { }', '653809b677f80'),
('653809b679675', 'ArrayList', '653809b679a61'),
('653809b679675', 'Map', '653809b679a66'),
('653809b679675', 'Set', '653809b679a67'),
('653809b679675', 'List', '653809b679a68'),
('653d3ee01ee62', 'To define a function', '653d3ee01f877'),
('653d3ee01ee62', 'To loop over a sequence', '653d3ee01f879'),
('653d3ee01ee62', 'To make decisions and control the flow of a program', '653d3ee01f87a'),
('653d3ee01ee62', 'To perform mathematical operations', '653d3ee01f87b'),
('653d3ee0213bc', 'int', '653d3ee021b81'),
('653d3ee0213bc', 'char', '653d3ee021b84'),
('653d3ee0213bc', 'list', '653d3ee021b85'),
('653d3ee0213bc', 'tuple', '653d3ee021b86'),
('653d3ee024202', 'def myFunction():', '653d3ee024a39'),
('653d3ee024202', 'function myFunction():', '653d3ee024a3d'),
('653d3ee024202', 'void myFunction():', '653d3ee024a3e'),
('653d3ee024202', 'define myFunction():', '653d3ee024a3f'),
('653d3ee026fe8', ' It represents the end of a function', '653d3ee027776'),
('653d3ee026fe8', 'It is used to check for multiple conditions in a sequence', '653d3ee02777a'),
('653d3ee026fe8', 'It defines a new variable', '653d3ee02777b'),
('653d3ee026fe8', 'It is a type of loop', '653d3ee02777c'),
('653d3ee029b9f', ' openfile()', '653d3ee02a322'),
('653d3ee029b9f', ' readfile()', '653d3ee02a327'),
('653d3ee029b9f', 'file.open()', '653d3ee02a328'),
('653d3ee029b9f', 'open()', '653d3ee02a329'),
('653d3ee02ccc8', 'It waits for user input', '653d3ee02d3c5'),
('653d3ee02ccc8', 'It performs mathematical calculations', '653d3ee02d3c8'),
('653d3ee02ccc8', 'It displays output on the console', '653d3ee02d3c9'),
('653d3ee02ccc8', ' It defines a new variable', '653d3ee02d3ca'),
('653d3ee02f7de', 'class', '653d3ee03010b'),
('653d3ee02f7de', 'def', '653d3ee03010f'),
('653d3ee02f7de', 'classdef', '653d3ee030110'),
('653d3ee02f7de', 'define', '653d3ee030111'),
('653d3ee0327c6', 'include my_module', '653d3ee032f98'),
('653d3ee0327c6', ' import my_module', '653d3ee032f9d'),
('653d3ee0327c6', ' use my_module', '653d3ee032f9e'),
('653d3ee0327c6', 'load my_module', '653d3ee032f9f'),
('653d3ee036475', 'variableName = 5', '653d3ee036bf4'),
('653d3ee036475', '5 = variableName', '653d3ee036bf8'),
('653d3ee036475', 'Variable_Name = 5', '653d3ee036bf9'),
('653d3ee036475', ' variable name = 5', '653d3ee036bfa'),
('653d3ee039898', '16', '653d3ee03a042'),
('653d3ee039898', '11', '653d3ee03a047'),
('653d3ee039898', '13', '653d3ee03a048'),
('653d3ee039898', '5 + 3 * 2', '653d3ee03a049'),
('653d44cd9921c', '5', '653d44cd999f3'),
('653d44cd9921c', '6', '653d44cd99a06'),
('653d44cd9921c', '4', '653d44cd99a07'),
('653d44cd9921c', 'Compilation error', '653d44cd99a08'),
('653d44cd9ba5e', ' final', '653d44cd9c0b6'),
('653d44cd9ba5e', 'const', '653d44cd9c0ba'),
('653d44cd9ba5e', 'static', '653d44cd9c0bb'),
('653d44cd9ba5e', 'constant', '653d44cd9c0bc'),
('653d44cd9d962', 'To create a new object instance', '653d44cd9dd7d'),
('653d44cd9d962', 'To make a variable non-modifiable', '653d44cd9dd81'),
('653d44cd9d962', 'To indicate that a method or variable belongs to the class rather than an instance', '653d44cd9dd82'),
('653d44cd9d962', 'To define a constant value', '653d44cd9dd83'),
('653d44cd9f529', ' float', '653d44cd9f9e9'),
('653d44cd9f529', 'char', '653d44cd9f9ed'),
('653d44cd9f529', ' string', '653d44cd9f9ee'),
('653d44cd9f529', 'double', '653d44cd9f9ef'),
('653d44cda1144', '0', '653d44cda1632'),
('653d44cda1144', 'null', '653d44cda1635'),
('653d44cda1144', '-1', '653d44cda1636'),
('653d44cda1144', ' It depends on the variable type', '653d44cda1637'),
('653d44cda3038', 'Object', '653d44cda3679'),
('653d44cda3038', 'Main', '653d44cda367e'),
('653d44cda3038', 'Super', '653d44cda367f'),
('653d44cda3038', 'Parent', '653d44cda3680'),
('653d44cda5d8a', 'try ', '653d44cda628d'),
('653d44cda5d8a', 'catch', '653d44cda6290'),
('653d44cda5d8a', 'handle', '653d44cda6291'),
('653d44cda5d8a', 'exception ', '653d44cda6292'),
('653d44cda8021', 'char ', '653d44cda85f7'),
('653d44cda8021', 'int', '653d44cda85fa'),
('653d44cda8021', 'string', '653d44cda85fb'),
('653d44cda8021', 'unicode', '653d44cda85fc'),
('653d44cdaa4bf', 'String s = \"Hello, World!\";', '653d44cdaaab4'),
('653d44cdaa4bf', 's = \"Hello, World!\";', '653d44cdaaab9'),
('653d44cdaa4bf', 'new String s = \"Hello, World!\";', '653d44cdaaaba'),
('653d44cdaa4bf', '\"Hello, World!\" s;', '653d44cdaaabb'),
('653d44cdaca64', 'A compiler for Java programs', '653d44cdad2a8'),
('653d44cdaca64', 'An integrated development environment (IDE) for Java', '653d44cdad2ab'),
('653d44cdaca64', 'A runtime environment that executes Java bytecode', '653d44cdad2ac'),
('653d44cdaca64', 'A Java class library', '653d44cdad2ad'),
('653d44d7189e3', '5', '653d44d71a4e7'),
('653d44d7189e3', '6', '653d44d71a4ed'),
('653d44d7189e3', '4', '653d44d71a4ee'),
('653d44d7189e3', 'Compilation error', '653d44d71a4ef'),
('653d44d71d6df', ' final', '653d44d71e00b'),
('653d44d71d6df', 'const', '653d44d71e011'),
('653d44d71d6df', 'static', '653d44d71e012'),
('653d44d71d6df', 'constant', '653d44d71e013'),
('653d44d7205a1', 'To create a new object instance', '653d44d720d1c'),
('653d44d7205a1', 'To make a variable non-modifiable', '653d44d720d20'),
('653d44d7205a1', 'To indicate that a method or variable belongs to the class rather than an instance', '653d44d720d21'),
('653d44d7205a1', 'To define a constant value', '653d44d720d22'),
('653d44d722ccc', ' float', '653d44d72330f'),
('653d44d722ccc', 'char', '653d44d723312'),
('653d44d722ccc', ' string', '653d44d723313'),
('653d44d722ccc', 'double', '653d44d723314'),
('653d44d7252da', '0', '653d44d725c0b'),
('653d44d7252da', 'null', '653d44d725c0e'),
('653d44d7252da', '-1', '653d44d725c0f'),
('653d44d7252da', ' It depends on the variable type', '653d44d725c10'),
('653d44d7274bb', 'Object', '653d44d727abf'),
('653d44d7274bb', 'Main', '653d44d727ac4'),
('653d44d7274bb', 'Super', '653d44d727ac5'),
('653d44d7274bb', 'Parent', '653d44d727ac6'),
('653d44d729cd2', 'try ', '653d44d72a1ef'),
('653d44d729cd2', 'catch', '653d44d72a1f2'),
('653d44d729cd2', 'handle', '653d44d72a1f3'),
('653d44d729cd2', 'exception ', '653d44d72a1f4'),
('653d44d72c3fa', 'char ', '653d44d72cc50'),
('653d44d72c3fa', 'int', '653d44d72cc54'),
('653d44d72c3fa', 'string', '653d44d72cc55'),
('653d44d72c3fa', 'unicode', '653d44d72cc56'),
('653d44d72edf6', 'String s = \"Hello, World!\";', '653d44d72f512'),
('653d44d72edf6', 's = \"Hello, World!\";', '653d44d72f515'),
('653d44d72edf6', 'new String s = \"Hello, World!\";', '653d44d72f516'),
('653d44d72edf6', '\"Hello, World!\" s;', '653d44d72f517'),
('653d44d731559', 'A compiler for Java programs', '653d44d731a15'),
('653d44d731559', 'An integrated development environment (IDE) for Java', '653d44d731a18'),
('653d44d731559', 'A runtime environment that executes Java bytecode', '653d44d731a19'),
('653d44d731559', 'A Java class library', '653d44d731a1a'),
('653d44f83edb4', '5', '653d44f83ff52'),
('653d44f83edb4', '6', '653d44f83ff59'),
('653d44f83edb4', '4', '653d44f83ff5a'),
('653d44f83edb4', 'Compilation error', '653d44f83ff5b'),
('653d44f8431be', ' final', '653d44f844e10'),
('653d44f8431be', 'const', '653d44f844e15'),
('653d44f8431be', 'static', '653d44f844e16'),
('653d44f8431be', 'constant', '653d44f844e17'),
('653d44f847901', 'To create a new object instance', '653d44f848167'),
('653d44f847901', 'To make a variable non-modifiable', '653d44f84816c'),
('653d44f847901', 'To indicate that a method or variable belongs to the class rather than an instance', '653d44f84816d'),
('653d44f847901', 'To define a constant value', '653d44f84816e'),
('653d44f84a824', ' float', '653d44f84ad5a'),
('653d44f84a824', 'char', '653d44f84ad5d'),
('653d44f84a824', ' string', '653d44f84ad5e'),
('653d44f84a824', 'double', '653d44f84ad5f'),
('653d44f84c63a', '0', '653d44f84cb8c'),
('653d44f84c63a', 'null', '653d44f84cb8f'),
('653d44f84c63a', '-1', '653d44f84cb90'),
('653d44f84c63a', ' It depends on the variable type', '653d44f84cb91'),
('653d44f84e60f', 'Object', '653d44f84eb71'),
('653d44f84e60f', 'Main', '653d44f84eb75'),
('653d44f84e60f', 'Super', '653d44f84eb77'),
('653d44f84e60f', 'Parent', '653d44f84eb78'),
('653d44f8505f6', 'try ', '653d44f850b7d'),
('653d44f8505f6', 'catch', '653d44f850b80'),
('653d44f8505f6', 'handle', '653d44f850b81'),
('653d44f8505f6', 'exception ', '653d44f850b82'),
('653d44f8525b4', 'char ', '653d44f852b27'),
('653d44f8525b4', 'int', '653d44f852b2c'),
('653d44f8525b4', 'string', '653d44f852b2d'),
('653d44f8525b4', 'unicode', '653d44f852b2e'),
('653d44f854249', 'String s = \"Hello, World!\";', '653d44f854730'),
('653d44f854249', 's = \"Hello, World!\";', '653d44f854732'),
('653d44f854249', 'new String s = \"Hello, World!\";', '653d44f854733'),
('653d44f854249', '\"Hello, World!\" s;', '653d44f854734'),
('653d44f856388', 'A compiler for Java programs', '653d44f85696c'),
('653d44f856388', 'An integrated development environment (IDE) for Java', '653d44f856970'),
('653d44f856388', 'A runtime environment that executes Java bytecode', '653d44f856971'),
('653d44f856388', 'A Java class library', '653d44f856972'),
('653d45281929e', '5', '653d452819d10'),
('653d45281929e', '6', '653d452819d13'),
('653d45281929e', '4', '653d452819d14'),
('653d45281929e', 'Compilation error', '653d452819d15'),
('653d45281d00e', ' final', '653d45281d821'),
('653d45281d00e', 'const', '653d45281d828'),
('653d45281d00e', 'static', '653d45281d829'),
('653d45281d00e', 'constant', '653d45281d82a'),
('653d45281fc45', 'To create a new object instance', '653d45282016a'),
('653d45281fc45', 'To make a variable non-modifiable', '653d45282016d'),
('653d45281fc45', 'To indicate that a method or variable belongs to the class rather than an instance', '653d45282016e'),
('653d45281fc45', 'To define a constant value', '653d45282016f'),
('653d452822054', ' float', '653d4528226ba'),
('653d452822054', 'char', '653d4528226be'),
('653d452822054', ' string', '653d4528226bf'),
('653d452822054', 'double', '653d4528226c0'),
('653d452824244', '0', '653d452824dfa'),
('653d452824244', 'null', '653d452824dfe'),
('653d452824244', '-1', '653d452824dff'),
('653d452824244', ' It depends on the variable type', '653d452824e00'),
('653d45282679c', 'Object', '653d452826c92'),
('653d45282679c', 'Main', '653d452826c96'),
('653d45282679c', 'Super', '653d452826c97'),
('653d45282679c', 'Parent', '653d452826c98'),
('653d452829472', 'try ', '653d4528299d3'),
('653d452829472', 'catch', '653d4528299d9'),
('653d452829472', 'handle', '653d4528299da'),
('653d452829472', 'exception ', '653d4528299db'),
('653d45282b855', 'char ', '653d45282c821'),
('653d45282b855', 'int', '653d45282c827'),
('653d45282b855', 'string', '653d45282c828'),
('653d45282b855', 'unicode', '653d45282c829'),
('653d45282ea6d', 'String s = \"Hello, World!\";', '653d45282f104'),
('653d45282ea6d', 's = \"Hello, World!\";', '653d45282f10a'),
('653d45282ea6d', 'new String s = \"Hello, World!\";', '653d45282f10b'),
('653d45282ea6d', '\"Hello, World!\" s;', '653d45282f10c'),
('653d452830f01', 'A compiler for Java programs', '653d45283150e'),
('653d452830f01', 'An integrated development environment (IDE) for Java', '653d452831511'),
('653d452830f01', 'A runtime environment that executes Java bytecode', '653d452831512'),
('653d452830f01', 'A Java class library', '653d452831513'),
('653d459c0ddeb', 'a', '653d459c0e8d6'),
('653d459c0ddeb', 's', '653d459c0e8db'),
('653d459c0ddeb', 'f', '653d459c0e8dc'),
('653d459c0ddeb', 'v', '653d459c0e8dd'),
('653d459c10738', '', '653d459c10df0'),
('653d459c10738', '', '653d459c10df3'),
('653d459c10738', '', '653d459c10df4'),
('653d459c10738', '', '653d459c10df5'),
('653d459c12a05', '', '653d459c13075'),
('653d459c12a05', '', '653d459c1307a'),
('653d459c12a05', '', '653d459c1307b'),
('653d459c12a05', '', '653d459c1307c'),
('653d459c151b9', '', '653d459c15a58'),
('653d459c151b9', '', '653d459c15a5d'),
('653d459c151b9', '', '653d459c15a5e'),
('653d459c151b9', '', '653d459c15a5f'),
('653d459c183a2', '', '653d459c18b1b'),
('653d459c183a2', '', '653d459c18b1f'),
('653d459c183a2', '', '653d459c18b20'),
('653d459c183a2', '', '653d459c18b21'),
('653d459c1adf7', '', '653d459c1b656'),
('653d459c1adf7', '', '653d459c1b65a'),
('653d459c1adf7', '', '653d459c1b65b'),
('653d459c1adf7', '', '653d459c1b65c'),
('653d459c1dbc4', '', '653d459c1e276'),
('653d459c1dbc4', '', '653d459c1e27b'),
('653d459c1dbc4', '', '653d459c1e27c'),
('653d459c1dbc4', '', '653d459c1e27d'),
('653d459c206de', '', '653d459c20eae'),
('653d459c206de', '', '653d459c20eb3'),
('653d459c206de', '', '653d459c20eb4'),
('653d459c206de', '', '653d459c20eb5'),
('653d459c22ebb', '', '653d459c23e1b'),
('653d459c22ebb', '', '653d459c23e20'),
('653d459c22ebb', '', '653d459c23e21'),
('653d459c22ebb', '', '653d459c23e22'),
('653d459c25a77', '', '653d459c25e8e'),
('653d459c25a77', '', '653d459c25e90'),
('653d459c25a77', '', '653d459c25e91'),
('653d459c25a77', '', '653d459c25e92'),
('653d4ea6d6b4e', 'final ', '653d4ea6d7804'),
('653d4ea6d6b4e', 'const', '653d4ea6d780a'),
('653d4ea6d6b4e', 'static', '653d4ea6d780b'),
('653d4ea6d6b4e', 'constant', '653d4ea6d780c'),
('653d4ea6d9fd4', 'To refer to the superclass of a class', '653d4ea6da6bd'),
('653d4ea6d9fd4', 'To call a static method', '653d4ea6da6c2'),
('653d4ea6d9fd4', 'To create a new object', '653d4ea6da6c4'),
('653d4ea6d9fd4', 'To specify a return type', '653d4ea6da6c5'),
('653d4ea6ddfc8', 'char ', '653d4ea6de62f'),
('653d4ea6ddfc8', 'int', '653d4ea6de634'),
('653d4ea6ddfc8', 'string', '653d4ea6de635'),
('653d4ea6ddfc8', 'unicode', '653d4ea6de636'),
('653d4ea6e05c5', 'A method that is used to create new objects.', '653d4ea6e0c61'),
('653d4ea6e05c5', 'A class that cannot be instantiated.', '653d4ea6e0c66'),
('653d4ea6e05c5', 'A type of loop.', '653d4ea6e0c67'),
('653d4ea6e05c5', 'An operator for type conversion.', '653d4ea6e0c68'),
('653d4ea6e2a47', 'public', '653d4ea6e2f1f'),
('653d4ea6e2a47', 'protected', '653d4ea6e2f24'),
('653d4ea6e2a47', 'private', '653d4ea6e2f25'),
('653d4ea6e2a47', 'package-private (default)', '653d4ea6e2f26'),
('653d4ea6e48ca', 'A Java compiler', '653d4ea6e4dcf'),
('653d4ea6e48ca', ' An integrated development environment (IDE)', '653d4ea6e4dd4'),
('653d4ea6e48ca', 'A runtime environment for executing Java bytecode', '653d4ea6e4dd5'),
('653d4ea6e48ca', 'A version control system', '653d4ea6e4dd6'),
('653d4ea6e679a', 'interface MyInterface { }', '653d4ea6e6dea'),
('653d4ea6e679a', 'class MyInterface { }', '653d4ea6e6dee'),
('653d4ea6e679a', 'interface class MyInterface { }', '653d4ea6e6def'),
('653d4ea6e679a', ' interface void MyInterface { }', '653d4ea6e6df0'),
('653d4ea6e8f54', 'create', '653d4ea6e96eb'),
('653d4ea6e8f54', 'new', '653d4ea6e96f0'),
('653d4ea6e8f54', 'object', '653d4ea6e96f1'),
('653d4ea6e8f54', 'instance', '653d4ea6e96f2'),
('653d4ea6eb531', 'try', '653d4ea6eba42'),
('653d4ea6eb531', 'catch', '653d4ea6eba46'),
('653d4ea6eb531', 'handle', '653d4ea6eba47'),
('653d4ea6eb531', 'exception', '653d4ea6eba48'),
('653d4ea6ee0b2', 'float', '653d4ea6ee5b8'),
('653d4ea6ee0b2', 'char', '653d4ea6ee5bd'),
('653d4ea6ee0b2', 'string', '653d4ea6ee5be'),
('653d4ea6ee0b2', 'double', '653d4ea6ee5bf'),
('653d694a002de', 'O(log N)', '653d694a00df2'),
('653d694a002de', 'O(N)', '653d694a00df9'),
('653d694a002de', ' O(1)', '653d694a00dfa'),
('653d694a002de', 'O(N^2)', '653d694a00dfb'),
('653d694a03f4f', ' Queue', '653d694a04720'),
('653d694a03f4f', ' Stack', '653d694a04726'),
('653d694a03f4f', 'Linked List', '653d694a04727'),
('653d694a03f4f', 'Array', '653d694a04728'),
('653d694a07058', ' Bubble Sort', '653d694a077b4'),
('653d694a07058', ' Merge Sort', '653d694a077ba'),
('653d694a07058', 'Quick Sort', '653d694a077bb'),
('653d694a07058', 'Insertion Sort', '653d694a077bc'),
('653d694a09ab8', 'Stack', '653d694a0a1f6'),
('653d694a09ab8', 'Queue', '653d694a0a1fb'),
('653d694a09ab8', 'Linked List', '653d694a0a1fd'),
('653d694a09ab8', 'Hash Table', '653d694a0a1fe'),
('653d694a0c7a8', 'Stack', '653d694a0cd3e'),
('653d694a0c7a8', 'Queue', '653d694a0cd43'),
('653d694a0c7a8', 'Tree', '653d694a0cd44'),
('653d694a0c7a8', 'Graph', '653d694a0cd45'),
('653d694a0f014', 'Linear Search', '653d694a0f719'),
('653d694a0f014', 'Binary Search', '653d694a0f722'),
('653d694a0f014', 'Hashing', '653d694a0f723'),
('653d694a0f014', ' Depth-First Search', '653d694a0f724'),
('653d694a120b4', 'O(1)', '653d694a133bd'),
('653d694a120b4', 'O(N)', '653d694a133c3'),
('653d694a120b4', 'O(log N)', '653d694a133c4'),
('653d694a120b4', 'O(N^2)', '653d694a133c5'),
('653d694a16328', 'Stack', '653d694a16e2b'),
('653d694a16328', 'Linked List', '653d694a16e31'),
('653d694a16328', 'Queue', '653d694a16e32'),
('653d694a16328', 'Tree', '653d694a16e33'),
('653d694a1a9f2', 'A connected component', '653d694a1b3af'),
('653d694a1a9f2', 'A path from one node to another', '653d694a1b3b4'),
('653d694a1a9f2', 'A closed loop with repeating vertices', '653d694a1b3b5'),
('653d694a1a9f2', 'A spanning tree', '653d694a1b3b6'),
('653d694a1e88f', 'Breadth-First Search (BFS)', '653d694a1f24a'),
('653d694a1e88f', ' Depth-First Search (DFS)', '653d694a1f253'),
('653dfdc0387c0', ' Styling web pages', '653dfdc03959c'),
('653dfdc0387c0', ' Creating server-side applications', '653dfdc0395a3'),
('653dfdc0387c0', 'Adding interactivity to web pages', '653dfdc0395a4'),
('653dfdc0387c0', 'Managing databases', '653dfdc0395a5'),
('653dfdc03c7e1', 'variable', '653dfdc03d244'),
('653dfdc03c7e1', ' declare ', '653dfdc03d24b'),
('653dfdc03c7e1', 'var', '653dfdc03d24c'),
('653dfdc03c7e1', 'let', '653dfdc03d24d'),
('653dfdc0402f7', 'Number ', '653dfdc040d4c'),
('653dfdc0402f7', 'Boolean', '653dfdc040d53'),
('653dfdc0402f7', 'string', '653dfdc040d56'),
('653dfdc0402f7', 'Character ', '653dfdc040d57'),
('653dfdc043c24', 'Inner function', '653dfdc0446c0'),
('653dfdc043c24', 'Private function', '653dfdc0446ca'),
('653dfdc043c24', 'Subfunction', '653dfdc0446cb'),
('653dfdc043c24', 'Nested function', '653dfdc0446cc'),
('653dfdc047565', 'push()', '653dfdc047e7b'),
('653dfdc047565', 'append()', '653dfdc047e80'),
('653dfdc047565', 'add()', '653dfdc047e81'),
('653dfdc047565', ' insert()', '653dfdc047e82'),
('653dfdc04aa5f', 'continue ', '653dfdc04b327'),
('653dfdc04aa5f', 'exit', '653dfdc04b32c'),
('653dfdc04aa5f', 'return', '653dfdc04b32d'),
('653dfdc04aa5f', 'break', '653dfdc04b32e'),
('653dfdc04de65', 'alloc ', '653dfdc04e50b'),
('653dfdc04de65', 'dim', '653dfdc04e50f'),
('653dfdc04de65', 'var', '653dfdc04e510'),
('653dfdc04de65', 'int', '653dfdc04e511'),
('653dfdc050e53', 'Document Object Model', '653dfdc0514bd'),
('653dfdc050e53', 'Data Object Model', '653dfdc0514c2'),
('653dfdc050e53', 'Document Oriented Model', '653dfdc0514c3'),
('653dfdc050e53', 'Direct Output Method', '653dfdc0514c4'),
('653dfdc053218', 'parseInteger', '653dfdc053819'),
('653dfdc053218', 'toInt', '653dfdc053822'),
('653dfdc053218', 'parseInt ', '653dfdc053823'),
('653dfdc053218', 'convertInt', '653dfdc053824'),
('653dfdc0560be', ' immute', '653dfdc0567e2'),
('653dfdc0560be', 'final', '653dfdc0567e7'),
('653dfdc0560be', 'const ', '653dfdc0567e8'),
('653dfdc0560be', 'protect', '653dfdc0567e9'),
('653e00fc1d0e8', 'Creative Style Sheets', '653e00fc1dd48'),
('653e00fc1d0e8', 'Computer Style Sheets', '653e00fc1dd50'),
('653e00fc1d0e8', 'Cascading Style Sheets', '653e00fc1dd51'),
('653e00fc1d0e8', 'Colorful Style Sheets', '653e00fc1dd52'),
('653e00fc2040c', 'text-color', '653e00fc20b8a'),
('653e00fc2040c', 'font-color', '653e00fc20b8f'),
('653e00fc2040c', 'color', '653e00fc20b90'),
('653e00fc2040c', 'text-style', '653e00fc20b91'),
('653e00fc23ae4', ' line-height', '653e00fc24151'),
('653e00fc23ae4', 'text-spacing', '653e00fc24156'),
('653e00fc23ae4', 'letter-spacing', '653e00fc24157'),
('653e00fc23ae4', ' word-spacing', '653e00fc24158'),
('653e00fc26092', 'Use a comma to separate the elements.', '653e00fc266d3'),
('653e00fc26092', 'Use a colon to separate the elements.', '653e00fc266d8'),
('653e00fc26092', 'Use a hyphen to separate the elements.', '653e00fc266d9'),
('653e00fc26092', 'Use a semicolon to separate the elements.', '653e00fc266da'),
('653e00fc2860a', 'background-color', '653e00fc28cec'),
('653e00fc2860a', 'bg-color', '653e00fc28cf1'),
('653e00fc2860a', 'color-background', '653e00fc28cf2'),
('653e00fc2860a', 'background-style', '653e00fc28cf3'),
('653e00fc2b265', ' border-style', '653e00fc2ba8c'),
('653e00fc2b265', ' border-color', '653e00fc2ba91'),
('653e00fc2b265', 'border-width', '653e00fc2ba92'),
('653e00fc2b265', 'border', '653e00fc2ba93'),
('653e00fc2e28e', 'font-weight', '653e00fc2f0cc'),
('653e00fc2e28e', ' text-style', '653e00fc2f0d2'),
('653e00fc2e28e', 'font-style', '653e00fc2f0d3'),
('653e00fc2e28e', ' text-decoration', '653e00fc2f0d5'),
('653e00fc31b68', ' border-thickness', '653e00fc32479'),
('653e00fc31b68', ' border-size', '653e00fc3247e'),
('653e00fc31b68', 'border-width', '653e00fc3247f'),
('653e00fc31b68', 'border-strength', '653e00fc32480'),
('653e00fc35854', ' margin', '653e00fc360a7'),
('653e00fc35854', 'padding', '653e00fc360b2'),
('653e00fc35854', 'spacing', '653e00fc360b3'),
('653e00fc35854', 'gap', '653e00fc360bc'),
('653e00fc388da', ' position', '653e00fc3913a'),
('653e00fc388da', 'margin', '653e00fc3913f'),
('653e00fc388da', 'float', '653e00fc39140'),
('653e00fc388da', 'padding', '653e00fc39141'),
('653e03f66c2c5', 'Creative Style Sheets', '653e03f66cfe1'),
('653e03f66c2c5', 'Computer Style Sheets', '653e03f66cfe7'),
('653e03f66c2c5', 'Cascading Style Sheets', '653e03f66cfe8'),
('653e03f66c2c5', 'Colorful Style Sheets', '653e03f66cfe9'),
('653e03f670b99', 'text-color', '653e03f671dee'),
('653e03f670b99', ' font-color', '653e03f671e07'),
('653e03f670b99', 'color', '653e03f671e08'),
('653e03f670b99', 'text-style', '653e03f671e09'),
('653e03f6744cb', 'line-height', '653e03f674ef7'),
('653e03f6744cb', 'text-spacing', '653e03f674f02'),
('653e03f6744cb', 'letter-spacing', '653e03f674f03'),
('653e03f6744cb', ' word-spacing', '653e03f674f04'),
('653e03f676a97', 'Use a comma to separate the elements.', '653e03f6770e8'),
('653e03f676a97', 'Use a colon to separate the elements.', '653e03f6770ee'),
('653e03f676a97', 'Use a hyphen to separate the elements.', '653e03f6770ef'),
('653e03f676a97', 'Use a semicolon to separate the elements.', '653e03f6770f0'),
('653e03f6792c0', 'background-color', '653e03f679a85'),
('653e03f6792c0', 'bg-color', '653e03f679a8a'),
('653e03f6792c0', 'color-background', '653e03f679a8c'),
('653e03f6792c0', 'background-style', '653e03f679a8d'),
('653e03f67b7ad', 'border-style', '653e03f67bc7b'),
('653e03f67b7ad', ' border-color', '653e03f67bc80'),
('653e03f67b7ad', 'border-width', '653e03f67bc81'),
('653e03f67b7ad', 'border', '653e03f67bc82'),
('653e03f67d4d3', ' font-weight', '653e03f67d9a1'),
('653e03f67d4d3', 'text-style', '653e03f67d9a6'),
('653e03f67d4d3', ' font-style', '653e03f67d9a7'),
('653e03f67d4d3', 'text-decoration', '653e03f67d9a8'),
('653e03f67f006', 'border-thickness', '653e03f67f428'),
('653e03f67f006', 'border-size', '653e03f67f42e'),
('653e03f67f006', ' border-width', '653e03f67f42f'),
('653e03f67f006', 'border-strength', '653e03f67f430'),
('653e03f680b16', 'margin', '653e03f681031'),
('653e03f680b16', 'padding', '653e03f681038'),
('653e03f680b16', 'spacing', '653e03f681039'),
('653e03f680b16', ' gap', '653e03f68103a'),
('653e03f683736', 'position', '653e03f683c81'),
('653e03f683736', 'margin', '653e03f683c91'),
('653e03f683736', 'float', '653e03f683c92'),
('653e03f683736', 'padding', '653e03f683c93');

-- --------------------------------------------------------

--
-- Table structure for table `questions`
--

CREATE TABLE `questions` (
  `eid` text NOT NULL,
  `qid` text NOT NULL,
  `qns` text NOT NULL,
  `choice` int(10) NOT NULL,
  `sn` int(11) NOT NULL
) ENGINE=InnoDB DEFAULT CHARSET=utf8 COLLATE=utf8_general_ci;

--
-- Dumping data for table `questions`
--

INSERT INTO `questions` (`eid`, `qid`, `qns`, `choice`, `sn`) VALUES
('652ede533375e', '652ee0ebc6828', 'What is the result of the expression 3 + 5 * 2 / 2 in C?', 4, 1),
('652ede533375e', '652ee0ebcac9c', 'Which data type is used to store a single character in C?', 4, 2),
('652ede533375e', '652ee0ebce0b6', 'In C, what is the symbol used for the \"modulo\" operation?', 4, 3),
('652ede533375e', '652ee0ebd1d2e', 'In C, which keyword is used to define a constant?', 4, 4),
('652ede533375e', '652ee0ebd52b3', 'Which C library function is used to allocate memory dynamically?', 4, 5),
('652ede533375e', '652ee0ebd86e2', 'What is the scope of a variable declared within a function in C (without the static keyword)?', 4, 6),
('652ede533375e', '652ee0ebdb549', 'In C, which loop construct is best suited for situations where the number of iterations is known in advance?', 4, 7),
('652ede533375e', '652ee0ebde2d5', 'What is the result of the expression 5 + 3 * 2 in C?', 4, 8),
('652ede533375e', '652ee0ebe094b', 'Which keyword is used to define a constant in C?', 4, 9),
('652ede533375e', '652ee0ebe332a', 'Which keyword is used to exit a loop prematurely in C?', 4, 10),
('652ee319b2308', '652ee687d0ecc', 'In C++, what is the correct way to declare a pointer to an integer?', 4, 1),
('652ee319b2308', '652ee687d3cc5', 'What is the object-oriented programming feature that allows one class to inherit properties and behaviors from another class in C++?', 4, 2),
('652ee319b2308', '652ee687d70ef', 'Which C++ keyword is used to dynamically allocate memory for a single object?', 4, 3),
('652ee319b2308', '652ee687da444', 'What is the correct way to define a C++ class called \"Car\" with private attributes and public methods?', 4, 4),
('652ee319b2308', '652ee687dd5bf', 'Which C++ standard library header should be included to work with files and file I/O operations?', 4, 5),
('652ee319b2308', '652ee687dfb21', 'What is the purpose of the \"virtual\" keyword in C++ when used with functions?', 4, 6),
('652ee319b2308', '652ee687e1cdc', 'Which C++ operator is used to access the member variables and functions of an object?', 4, 7),
('652ee319b2308', '652ee687e40c8', 'Which C++ standard container is typically used for implementing a Last-In-First-Out (LIFO) data structure?', 4, 8),
('652ee319b2308', '652ee687e67a2', 'Which keyword is used to inherit a class in C++?', 4, 9),
('652ee319b2308', '652ee687e8b78', 'Which C++ access modifier restricts access to class members to only the same class and its friend classes?', 4, 10),
('6538001889bae', '653809549e1d2', 'What is the primary purpose of the if statement in Python?', 4, 1),
('6538001889bae', '65380954a0608', 'Which of the following is not a valid Python data type?', 4, 2),
('6538001889bae', '65380954a2e31', 'How do you define a function in Python?', 4, 3),
('6538001889bae', '65380954a55b8', 'What is the purpose of the `elif `statement in Python?', 4, 4),
('6538001889bae', '65380954a8e18', 'Which of the following is used to open a file in Python?', 4, 5),
('6538001889bae', '65380954aca7b', 'Which of the following is a valid way to open a file in Python for reading?', 4, 6),
('6538001889bae', '65380954afabb', 'Which keyword is used to define a class in Python?\r\n', 4, 7),
('6538001889bae', '65380954b2a67', 'Which of the following is a Python library used for data manipulation and analysis?', 4, 8),
('6538001889bae', '65380954b4dd4', 'What is the result of 5 + 3 * 2 in Python?', 4, 9),
('6538001889bae', '65380954b6fc9', 'What is the result of the expression \"Hello\" + \"World\" in Python?', 4, 10),
('6538001889bae', '6538096b0c979', 'What is the primary purpose of the if statement in Python?', 4, 1),
('6538001889bae', '6538096b16196', 'Which of the following is not a valid Python data type?', 4, 2),
('6538001889bae', '6538096b18b68', 'How do you define a function in Python?', 4, 3),
('6538001889bae', '6538096b1c449', 'What is the purpose of the `elif `statement in Python?', 4, 4),
('6538001889bae', '6538096b200e8', 'Which of the following is used to open a file in Python?', 4, 5),
('6538001889bae', '6538096b23166', 'Which of the following is a valid way to open a file in Python for reading?', 4, 6),
('6538001889bae', '6538096b26007', 'Which keyword is used to define a class in Python?\r\n', 4, 7),
('6538001889bae', '6538096b28f77', 'Which of the following is a Python library used for data manipulation and analysis?', 4, 8),
('6538001889bae', '6538096b2bfa4', 'What is the result of 5 + 3 * 2 in Python?', 4, 9),
('6538001889bae', '6538096b2ecf3', 'What is the result of the expression \"Hello\" + \"World\" in Python?', 4, 10),
('6538001889bae', '65380981a5ff3', 'What is the primary purpose of the if statement in Python?', 4, 1),
('6538001889bae', '65380981b1720', 'Which of the following is not a valid Python data type?', 4, 2),
('6538001889bae', '65380981b3358', 'How do you define a function in Python?', 4, 3),
('6538001889bae', '65380981b53d9', 'What is the purpose of the `elif `statement in Python?', 4, 4),
('6538001889bae', '65380981b6dd8', 'Which of the following is used to open a file in Python?', 4, 5),
('6538001889bae', '65380981b928c', 'Which of the following is a valid way to open a file in Python for reading?', 4, 6),
('6538001889bae', '65380981bacae', 'Which keyword is used to define a class in Python?\r\n', 4, 7),
('6538001889bae', '65380981bcec4', 'Which of the following is a Python library used for data manipulation and analysis?', 4, 8),
('6538001889bae', '65380981bf0f3', 'What is the result of 5 + 3 * 2 in Python?', 4, 9),
('6538001889bae', '65380981c076a', 'What is the result of the expression \"Hello\" + \"World\" in Python?', 4, 10),
('6537f9c14e10c', '6538098e17af9', 'Which keyword is used to define a constant in Java?', 4, 1),
('6537f9c14e10c', '6538098e1bc4a', 'What is the main purpose of the \"static\" keyword in Java?', 4, 2),
('6537f9c14e10c', '6538098e1e956', 'Which of the following is not a valid Java data type?', 4, 3),
('6537f9c14e10c', '6538098e20a84', 'In Java, what is the default value of an instance variable (member variable) if it is not explicitly initialized?', 4, 4),
('6537f9c14e10c', '6538098e22a16', 'What is the superclass of all classes in Java?', 4, 5),
('6537f9c14e10c', '6538098e24b67', 'Which keyword is used for exception handling in Java?', 4, 6),
('6537f9c14e10c', '6538098e26e1e', 'What is the output of the following code?\r\n\r\npublic class Example {\r\n    public static void main(String[] args) {\r\n        int x = 5;\r\n        System.out.println(x++);\r\n    }\r\n}', 4, 7),
('6537f9c14e10c', '6538098e295c7', 'In Java, what is a constructor?', 4, 8),
('6537f9c14e10c', '6538098e2ba73', 'How do you declare an interface in Java?', 4, 9),
('6537f9c14e10c', '6538098e2dc2c', 'Which collection interface in Java is a part of the Java Collections Framework and provides the Set data structure?', 4, 10),
('6537f9c14e10c', '653809b661037', 'Which keyword is used to define a constant in Java?', 4, 1),
('6537f9c14e10c', '653809b663bc6', 'What is the main purpose of the \"static\" keyword in Java?', 4, 2),
('6537f9c14e10c', '653809b66695a', 'Which of the following is not a valid Java data type?', 4, 3),
('6537f9c14e10c', '653809b669cf9', 'In Java, what is the default value of an instance variable (member variable) if it is not explicitly initialized?', 4, 4),
('6537f9c14e10c', '653809b66cbdd', 'What is the superclass of all classes in Java?', 4, 5),
('6537f9c14e10c', '653809b66f845', 'Which keyword is used for exception handling in Java?', 4, 6),
('6537f9c14e10c', '653809b671f99', 'What is the output of the following code?\r\n\r\npublic class Example {\r\n    public static void main(String[] args) {\r\n        int x = 5;\r\n        System.out.println(x++);\r\n    }\r\n}', 4, 7),
('6537f9c14e10c', '653809b6742ed', 'In Java, what is a constructor?', 4, 8),
('6537f9c14e10c', '653809b677189', 'How do you declare an interface in Java?', 4, 9),
('6537f9c14e10c', '653809b679675', 'Which collection interface in Java is a part of the Java Collections Framework and provides the Set data structure?', 4, 10),
('653d3c0b5ec26', '653d3ee01ee62', 'What is the primary purpose of the `if ` statement in Python?', 4, 1),
('653d3c0b5ec26', '653d3ee0213bc', 'Which of the following is not a valid Python data type?', 4, 2),
('653d3c0b5ec26', '653d3ee024202', 'How do you define a function in Python?', 4, 3),
('653d3c0b5ec26', '653d3ee026fe8', 'What is the purpose of the `elif ` statement in Python?', 4, 4),
('653d3c0b5ec26', '653d3ee029b9f', 'Which of the following is used to open a file in Python?', 4, 5),
('653d3c0b5ec26', '653d3ee02ccc8', 'What does the print() function do in Python?', 4, 6),
('653d3c0b5ec26', '653d3ee02f7de', 'Which keyword is used to define a class in Python?', 4, 7),
('653d3c0b5ec26', '653d3ee0327c6', 'How do you import a module named `my_module ` in Python?', 4, 8),
('653d3c0b5ec26', '653d3ee036475', 'Which of the following is a correct way to declare a variable in Python?', 4, 9),
('653d3c0b5ec26', '653d3ee039898', 'What is the result of 5 + 3 * 2 in Python?', 4, 10),
('653d40124a6fd', '653d44cd9921c', 'What is the output of the following code?\r\n\r\npublic class Example {\r\n    public static void main(String[] args) {\r\n        int x = 5;\r\n        System.out.println(x++);\r\n    }\r\n}', 4, 1),
('653d40124a6fd', '653d44cd9ba5e', 'Which keyword is used to define a constant in Java?', 4, 2),
('653d40124a6fd', '653d44cd9d962', 'What is the main purpose of the \"static\" keyword in Java?', 4, 3),
('653d40124a6fd', '653d44cd9f529', 'Which of the following is not a valid Java data type?', 4, 4),
('653d40124a6fd', '653d44cda1144', 'In Java, what is the default value of an instance variable (member variable) if it is not explicitly initialized?', 4, 5),
('653d40124a6fd', '653d44cda3038', 'What is the superclass of all classes in Java?', 4, 6),
('653d40124a6fd', '653d44cda5d8a', 'Which keyword is used for exception handling in Java?', 4, 7),
('653d40124a6fd', '653d44cda8021', 'Which Java data type is used to store a single Unicode character?', 4, 8),
('653d40124a6fd', '653d44cdaa4bf', 'Which of the following is the correct way to declare a String variable in Java?', 4, 9),
('653d40124a6fd', '653d44cdaca64', 'What is the Java Virtual Machine (JVM)?', 4, 10),
('653d40124a6fd', '653d44d7189e3', 'What is the output of the following code?\r\n\r\npublic class Example {\r\n    public static void main(String[] args) {\r\n        int x = 5;\r\n        System.out.println(x++);\r\n    }\r\n}', 4, 1),
('653d40124a6fd', '653d44d71d6df', 'Which keyword is used to define a constant in Java?', 4, 2),
('653d40124a6fd', '653d44d7205a1', 'What is the main purpose of the \"static\" keyword in Java?', 4, 3),
('653d40124a6fd', '653d44d722ccc', 'Which of the following is not a valid Java data type?', 4, 4),
('653d40124a6fd', '653d44d7252da', 'In Java, what is the default value of an instance variable (member variable) if it is not explicitly initialized?', 4, 5),
('653d40124a6fd', '653d44d7274bb', 'What is the superclass of all classes in Java?', 4, 6),
('653d40124a6fd', '653d44d729cd2', 'Which keyword is used for exception handling in Java?', 4, 7),
('653d40124a6fd', '653d44d72c3fa', 'Which Java data type is used to store a single Unicode character?', 4, 8),
('653d40124a6fd', '653d44d72edf6', 'Which of the following is the correct way to declare a String variable in Java?', 4, 9),
('653d40124a6fd', '653d44d731559', 'What is the Java Virtual Machine (JVM)?', 4, 10),
('653d40124a6fd', '653d44f83edb4', 'What is the output of the following code?\r\n\r\npublic class Example {\r\n    public static void main(String[] args) {\r\n        int x = 5;\r\n        System.out.println(x++);\r\n    }\r\n}', 4, 1),
('653d40124a6fd', '653d44f8431be', 'Which keyword is used to define a constant in Java?', 4, 2),
('653d40124a6fd', '653d44f847901', 'What is the main purpose of the \"static\" keyword in Java?', 4, 3),
('653d40124a6fd', '653d44f84a824', 'Which of the following is not a valid Java data type?', 4, 4),
('653d40124a6fd', '653d44f84c63a', 'In Java, what is the default value of an instance variable (member variable) if it is not explicitly initialized?', 4, 5),
('653d40124a6fd', '653d44f84e60f', 'What is the superclass of all classes in Java?', 4, 6),
('653d40124a6fd', '653d44f8505f6', 'Which keyword is used for exception handling in Java?', 4, 7),
('653d40124a6fd', '653d44f8525b4', 'Which Java data type is used to store a single Unicode character?', 4, 8),
('653d40124a6fd', '653d44f854249', 'Which of the following is the correct way to declare a String variable in Java?', 4, 9),
('653d40124a6fd', '653d44f856388', 'What is the Java Virtual Machine (JVM)?', 4, 10),
('653d40124a6fd', '653d45281929e', 'What is the output of the following code?\r\n\r\npublic class Example {\r\n    public static void main(String[] args) {\r\n        int x = 5;\r\n        System.out.println(x++);\r\n    }\r\n}', 4, 1),
('653d40124a6fd', '653d45281d00e', 'Which keyword is used to define a constant in Java?', 4, 2),
('653d40124a6fd', '653d45281fc45', 'What is the main purpose of the \"static\" keyword in Java?', 4, 3),
('653d40124a6fd', '653d452822054', 'Which of the following is not a valid Java data type?', 4, 4),
('653d40124a6fd', '653d452824244', 'In Java, what is the default value of an instance variable (member variable) if it is not explicitly initialized?', 4, 5),
('653d40124a6fd', '653d45282679c', 'What is the superclass of all classes in Java?', 4, 6),
('653d40124a6fd', '653d452829472', 'Which keyword is used for exception handling in Java?', 4, 7),
('653d40124a6fd', '653d45282b855', 'Which Java data type is used to store a single Unicode character?', 4, 8),
('653d40124a6fd', '653d45282ea6d', 'Which of the following is the correct way to declare a String variable in Java?', 4, 9),
('653d40124a6fd', '653d452830f01', 'What is the Java Virtual Machine (JVM)?', 4, 10),
('653d40124a6fd', '653d459c0ddeb', '1', 4, 1),
('653d40124a6fd', '653d459c10738', '2', 4, 2),
('653d40124a6fd', '653d459c12a05', '3', 4, 3),
('653d40124a6fd', '653d459c151b9', '4', 4, 4),
('653d40124a6fd', '653d459c183a2', '5', 4, 5),
('653d40124a6fd', '653d459c1adf7', '6', 4, 6),
('653d40124a6fd', '653d459c1dbc4', '7', 4, 7),
('653d40124a6fd', '653d459c206de', '8', 4, 8),
('653d40124a6fd', '653d459c22ebb', '9', 4, 9),
('653d40124a6fd', '653d459c25a77', '10', 4, 10),
('653d49ae46a79', '653d4ea6d6b4e', 'Which keyword is used to define a constant in Java?', 4, 1),
('653d49ae46a79', '653d4ea6d9fd4', 'In Java, what is the purpose of the \"super\" keyword?', 4, 2),
('653d49ae46a79', '653d4ea6ddfc8', 'Which Java data type is used to store a single Unicode character?', 4, 3),
('653d49ae46a79', '653d4ea6e05c5', 'In Java, what is a constructor?', 4, 4),
('653d49ae46a79', '653d4ea6e2a47', 'Which of the following access modifiers restricts access to members within the same package in Java?', 4, 5),
('653d49ae46a79', '653d4ea6e48ca', 'What is the Java Virtual Machine (JVM)?', 4, 6),
('653d49ae46a79', '653d4ea6e679a', 'How do you declare an interface in Java?\r\n\r\n', 4, 7),
('653d49ae46a79', '653d4ea6e8f54', 'What is the keyword used to create an object in Java?\r\n', 4, 8),
('653d49ae46a79', '653d4ea6eb531', 'Which keyword is used for exception handling in Java?', 4, 9),
('653d49ae46a79', '653d4ea6ee0b2', 'Which of the following is not a valid Java data type?', 4, 10),
('653d549ebccfc', '653d694a002de', 'What is the time complexity of finding an element in a balanced binary search tree (BST)?', 4, 1),
('653d549ebccfc', '653d694a03f4f', 'Which data structure is typically used to implement a LIFO (Last-In-First-Out) behavior?', 4, 2),
('653d549ebccfc', '653d694a07058', 'Which sorting algorithm has the best average and worst-case time complexity?', 4, 3),
('653d549ebccfc', '653d694a09ab8', 'In which data structure is the order of elements determined by the order in which they were added?', 4, 4),
('653d549ebccfc', '653d694a0c7a8', 'Which data structure is used to represent a hierarchical structure with parent-child relationships?', 4, 5),
('653d549ebccfc', '653d694a0f014', ' Which searching algorithm works by repeatedly dividing the search interval in half?', 4, 6),
('653d549ebccfc', '653d694a120b4', 'What is the space complexity of a recursive algorithm with multiple recursive calls?', 4, 7),
('653d549ebccfc', '653d694a16328', 'Which data structure follows the \"First In, First Out\" (FIFO) principle?', 4, 8),
('653d549ebccfc', '653d694a1a9f2', 'In the context of graphs, what does a \"cycle\" refer to?', 4, 9),
('653d549ebccfc', '653d694a1e88f', 'Which algorithm is used to find the shortest path in a weighted graph?', 4, 10),
('653dfafa13de6', '653dfdc0387c0', 'What is JavaScript primarily used for?', 4, 1),
('653dfafa13de6', '653dfdc03c7e1', 'Which keyword is used to declare a variable in JavaScript?', 4, 2),
('653dfafa13de6', '653dfdc0402f7', 'Which of the following is not a JavaScript data type?', 4, 3),
('653dfafa13de6', '653dfdc043c24', 'What is a JavaScript function that is defined inside another function called?', 4, 4),
('653dfafa13de6', '653dfdc047565', 'Which method is used to add an element to the end of an array in JavaScript?', 4, 5),
('653dfafa13de6', '653dfdc04aa5f', 'Which statement is used to exit a loop in JavaScript?', 4, 6),
('653dfafa13de6', '653dfdc04de65', 'Which keyword is used to declare variables in JavaScript?', 4, 7),
('653dfafa13de6', '653dfdc050e53', 'What does DOM stand for in JavaScript?', 4, 8),
('653dfafa13de6', '653dfdc053218', 'Which function is used to parse a string to an integer in JavaScript?', 4, 9),
('653dfafa13de6', '653dfdc0560be', 'Which keyword is used to prevent a variable from being modified in JavaScript?', 4, 10),
('653dfe328ccb7', '653e00fc1d0e8', ' What does CSS stand for?', 4, 1),
('653dfe328ccb7', '653e00fc2040c', ' Which CSS property is used to change the text color of an element?', 4, 2),
('653dfe328ccb7', '653e00fc23ae4', 'Which CSS property is used to control the spacing between letters in a text element?', 4, 3),
('653dfe328ccb7', '653e00fc26092', 'How do you make a CSS class selector apply to multiple elements?', 4, 4),
('653dfe328ccb7', '653e00fc2860a', 'Which CSS property is used to change the background color of an element?', 4, 5),
('653dfe328ccb7', '653e00fc2b265', ' In CSS, what property is used to set the style of an elements border?', 4, 6),
('653dfe328ccb7', '653e00fc2e28e', 'What CSS property is used to make text appear in italics?', 4, 7),
('653dfe328ccb7', '653e00fc31b68', 'What CSS property is used to specify the thickness of an elements border?', 4, 8),
('653dfe328ccb7', '653e00fc35854', 'Which CSS property is used to control the space between the elements border and content?', 4, 9),
('653dfe328ccb7', '653e00fc388da', 'Which CSS property is used to create space between elements while keeping them in the normal flow?', 4, 10),
('653e0114864af', '653e03f66c2c5', 'What does CSS stand for?', 4, 1),
('653e0114864af', '653e03f670b99', 'Which CSS property is used to change the text color of an element?', 4, 2),
('653e0114864af', '653e03f6744cb', 'Which CSS property is used to control the spacing between letters in a text element?', 4, 3),
('653e0114864af', '653e03f676a97', 'How do you make a CSS class selector apply to multiple elements?', 4, 4),
('653e0114864af', '653e03f6792c0', 'Which CSS property is used to change the background color of an element?', 4, 5),
('653e0114864af', '653e03f67b7ad', ' In CSS, what property is used to set the style of an elements border?', 4, 6),
('653e0114864af', '653e03f67d4d3', ' What CSS property is used to make text appear in italics?', 4, 7),
('653e0114864af', '653e03f67f006', 'What CSS property is used to specify the thickness of an elements border?', 4, 8),
('653e0114864af', '653e03f680b16', 'Which CSS property is used to control the space between the elements border and ', 4, 9),
('653e0114864af', '653e03f683736', 'Which CSS property is used to create space between elements while keeping them in the normal flow?', 4, 10);

-- --------------------------------------------------------

--
-- Table structure for table `quiz`
--

CREATE TABLE `quiz` (
  `eid` text NOT NULL,
  `title` varchar(100) NOT NULL,
  `sahi` int(11) NOT NULL,
  `wrong` int(11) NOT NULL,
  `total` int(11) NOT NULL,
  `date` timestamp NOT NULL DEFAULT current_timestamp() ON UPDATE current_timestamp()
) ENGINE=InnoDB DEFAULT CHARSET=utf8 COLLATE=utf8_general_ci;

--
-- Dumping data for table `quiz`
--

INSERT INTO `quiz` (`eid`, `title`, `sahi`, `wrong`, `total`, `date`) VALUES
('652ede533375e', 'C Programming Language ', 1, 0, 10, '2023-10-17 19:19:47'),
('652ee319b2308', 'C++ Programming Language ', 1, 0, 10, '2023-10-17 19:40:09'),
('653d3c0b5ec26', 'Python Programming Language', 1, 0, 10, '2023-10-28 16:51:23'),
('653d49ae46a79', 'Java Programming Language ', 1, 0, 10, '2023-10-28 17:49:34'),
('653d549ebccfc', 'Data Structure And Algorithm', 1, 0, 10, '2023-10-28 18:36:14'),
('653dfafa13de6', 'Java Script ', 1, 0, 10, '2023-10-29 06:26:02'),
('653e0114864af', 'Css', 1, 0, 10, '2023-10-29 06:52:04'),
('653e074e3b951', 'Html', 1, 0, 10, '2023-10-29 07:18:38');

-- --------------------------------------------------------

--
-- Table structure for table `rank`
--

CREATE TABLE `rank` (
  `email` varchar(50) NOT NULL,
  `score` int(11) NOT NULL,
  `time` timestamp NOT NULL DEFAULT current_timestamp() ON UPDATE current_timestamp()
) ENGINE=InnoDB DEFAULT CHARSET=utf8 COLLATE=utf8_general_ci;

--
-- Dumping data for table `rank`
--

INSERT INTO `rank` (`email`, `score`, `time`) VALUES
('admin@admin.com', -3, '2023-10-29 07:17:52');

-- --------------------------------------------------------

--
-- Table structure for table `user`
--

CREATE TABLE `user` (
  `name` varchar(50) NOT NULL,
  `college` varchar(100) NOT NULL,
  `email` varchar(50) NOT NULL,
  `password` varchar(50) NOT NULL
) ENGINE=InnoDB DEFAULT CHARSET=utf8 COLLATE=utf8_general_ci;

--
-- Dumping data for table `user`
--

INSERT INTO `user` (`name`, `college`, `email`, `password`) VALUES
('Sidhant Ram Ganapure', 'DYPCET', 'sidhantganapure@gmail.com', '4268');

--
-- Indexes for dumped tables
--

--
-- Indexes for table `admin`
--
ALTER TABLE `admin`
  ADD PRIMARY KEY (`admin_id`);

--
-- Indexes for table `contacts`
--
ALTER TABLE `contacts`
  ADD PRIMARY KEY (`id`);

--
-- Indexes for table `feedback`
--
ALTER TABLE `feedback`
  ADD PRIMARY KEY (`id`);

--
-- Indexes for table `user`
--
ALTER TABLE `user`
  ADD PRIMARY KEY (`email`);

--
-- AUTO_INCREMENT for dumped tables
--

--
-- AUTO_INCREMENT for table `admin`
--
ALTER TABLE `admin`
  MODIFY `admin_id` int(11) NOT NULL AUTO_INCREMENT, AUTO_INCREMENT=2;

--
-- AUTO_INCREMENT for table `contacts`
--
ALTER TABLE `contacts`
  MODIFY `id` int(50) NOT NULL AUTO_INCREMENT, AUTO_INCREMENT=3;

--
-- AUTO_INCREMENT for table `feedback`
--
ALTER TABLE `feedback`
  MODIFY `id` int(6) UNSIGNED NOT NULL AUTO_INCREMENT, AUTO_INCREMENT=4;
COMMIT;

/*!40101 SET CHARACTER_SET_CLIENT=@OLD_CHARACTER_SET_CLIENT */;
/*!40101 SET CHARACTER_SET_RESULTS=@OLD_CHARACTER_SET_RESULTS */;
/*!40101 SET COLLATION_CONNECTION=@OLD_COLLATION_CONNECTION */;
